<metadata xml:lang="en"><Esri><CreaDate>20240827</CreaDate><CreaTime>11175800</CreaTime><ArcGISFormat>1.0</ArcGISFormat><SyncOnce>FALSE</SyncOnce><DataProperties><lineage><Process ToolSource="c:\users\pdziemiela\appdata\local\programs\arcgis\pro\Resources\ArcToolbox\toolboxes\Data Management Tools.tbx\CreateFeatureclass" Date="20230423" Time="144313">CreateFeatureclass E:\epabystate\nhdplus_epasnapshot2022_az.gdb nhdwaterbody_az Polygon # No No "GEOGCS["GCS_North_American_1983",DATUM["D_North_American_1983",SPHEROID["GRS_1980",6378137.0,298.257222101]],PRIMEM["Greenwich",0.0],UNIT["Degree",0.0174532925199433]];-400 -400 1000000000;-100000 10000;-100000 10000;8.98315284119521E-09;0.001;0.001;IsHighPrecision" # 0 0 0 #</Process><Process ToolSource="c:\users\pdziemiela\appdata\local\programs\arcgis\pro\Resources\ArcToolbox\toolboxes\Data Management Tools.tbx\AddFields" Date="20230423" Time="144316">AddFields E:\epabystate\nhdplus_epasnapshot2022_az.gdb\nhdwaterbody_az "statecode TEXT 'State or equivalent USPS code' 2 # #;permanent_identifier TEXT 'Permanent Identifier' 40 # #;fdate DATE 'Feature Date' # # #;resolution LONG Resolution # # #;gnis_id TEXT 'GNIS Identifier' 10 # #;gnis_name TEXT 'GNIS Name' 65 # #;areasqkm DOUBLE 'Area (SqKm)' # # #;elevation DOUBLE Elevation # # #;reachcode TEXT 'Reach Code' 14 # #;ftype LONG 'Feature Type Code' # # #;fcode LONG 'Feature Code' # # #;visibilityfilter LONG 'Visibility Filter' # # #;nhdplusid DOUBLE 'NHDPlus Identifier' # # #;vpuid TEXT 'VPU Identifier' 8 # #" #</Process><Process ToolSource="c:\users\pdziemiela\appdata\local\programs\arcgis\pro\Resources\ArcToolbox\toolboxes\Data Management Tools.tbx\AlterField" Date="20230423" Time="144317">AlterField E:\epabystate\nhdplus_epasnapshot2022_az.gdb\nhdwaterbody_az statecode # # Text 2 NON_NULLABLE DO_NOT_CLEAR</Process><Process ToolSource="c:\users\pdziemiela\appdata\local\programs\arcgis\pro\Resources\ArcToolbox\toolboxes\Data Management Tools.tbx\AlterField" Date="20230423" Time="144319">AlterField E:\epabystate\nhdplus_epasnapshot2022_az.gdb\nhdwaterbody_az permanent_identifier # # Text 40 NON_NULLABLE DO_NOT_CLEAR</Process><Process ToolSource="c:\users\pdziemiela\appdata\local\programs\arcgis\pro\Resources\ArcToolbox\toolboxes\Data Management Tools.tbx\AlterField" Date="20230423" Time="144320">AlterField E:\epabystate\nhdplus_epasnapshot2022_az.gdb\nhdwaterbody_az fdate # # Date 8 NON_NULLABLE DO_NOT_CLEAR</Process><Process ToolSource="c:\users\pdziemiela\appdata\local\programs\arcgis\pro\Resources\ArcToolbox\toolboxes\Data Management Tools.tbx\AlterField" Date="20230423" Time="144321">AlterField E:\epabystate\nhdplus_epasnapshot2022_az.gdb\nhdwaterbody_az resolution # # "Long (32-bit integer)" 4 NON_NULLABLE DO_NOT_CLEAR</Process><Process ToolSource="c:\users\pdziemiela\appdata\local\programs\arcgis\pro\Resources\ArcToolbox\toolboxes\Data Management Tools.tbx\AlterField" Date="20230423" Time="144322">AlterField E:\epabystate\nhdplus_epasnapshot2022_az.gdb\nhdwaterbody_az ftype # # "Long (32-bit integer)" 4 NON_NULLABLE DO_NOT_CLEAR</Process><Process ToolSource="c:\users\pdziemiela\appdata\local\programs\arcgis\pro\Resources\ArcToolbox\toolboxes\Data Management Tools.tbx\AlterField" Date="20230423" Time="144324">AlterField E:\epabystate\nhdplus_epasnapshot2022_az.gdb\nhdwaterbody_az fcode # # "Long (32-bit integer)" 4 NON_NULLABLE DO_NOT_CLEAR</Process><Process ToolSource="c:\users\pdziemiela\appdata\local\programs\arcgis\pro\Resources\ArcToolbox\toolboxes\Data Management Tools.tbx\AlterField" Date="20230423" Time="144325">AlterField E:\epabystate\nhdplus_epasnapshot2022_az.gdb\nhdwaterbody_az visibilityfilter # # "Long (32-bit integer)" 4 NON_NULLABLE DO_NOT_CLEAR</Process><Process ToolSource="c:\users\pdziemiela\appdata\local\programs\arcgis\pro\Resources\ArcToolbox\toolboxes\Data Management Tools.tbx\AlterField" Date="20230423" Time="144327">AlterField E:\epabystate\nhdplus_epasnapshot2022_az.gdb\nhdwaterbody_az vpuid # # Text 8 NON_NULLABLE DO_NOT_CLEAR</Process><Process ToolSource="c:\users\pdziemiela\appdata\local\programs\arcgis\pro\Resources\ArcToolbox\toolboxes\Data Management Tools.tbx\AlterField" Date="20230423" Time="144328">AlterField E:\epabystate\nhdplus_epasnapshot2022_az.gdb\nhdwaterbody_az nhdplusid # # "Double  (64-bit floating point)" 8 NON_NULLABLE DO_NOT_CLEAR</Process><Process ToolSource="c:\users\pdziemiela\appdata\local\programs\arcgis\pro\Resources\ArcToolbox\toolboxes\Data Management Tools.tbx\AddIndex" Date="20230423" Time="144329">AddIndex E:\epabystate\nhdplus_epasnapshot2022_az.gdb\nhdwaterbody_az nhdplusid NHDPLUSID_IDX NON_UNIQUE NON_ASCENDING</Process><Process ToolSource="c:\users\pdziemiela\appdata\local\programs\arcgis\pro\Resources\ArcToolbox\toolboxes\Data Management Tools.tbx\AddIndex" Date="20230423" Time="144330">AddIndex E:\epabystate\nhdplus_epasnapshot2022_az.gdb\nhdwaterbody_az permanent_identifier PERMID_IDX NON_UNIQUE NON_ASCENDING</Process><Process ToolSource="c:\users\pdziemiela\appdata\local\programs\arcgis\pro\Resources\ArcToolbox\toolboxes\Data Management Tools.tbx\AddIndex" Date="20230423" Time="144332">AddIndex E:\epabystate\nhdplus_epasnapshot2022_az.gdb\nhdwaterbody_az reachcode REACHCODE_IDX NON_UNIQUE NON_ASCENDING</Process><Process ToolSource="c:\users\pdziemiela\appdata\local\programs\arcgis\pro\Resources\ArcToolbox\toolboxes\Data Management Tools.tbx\AddIndex" Date="20230423" Time="144333">AddIndex E:\epabystate\nhdplus_epasnapshot2022_az.gdb\nhdwaterbody_az ftype FTYPE_IDX NON_UNIQUE NON_ASCENDING</Process><Process ToolSource="c:\users\pdziemiela\appdata\local\programs\arcgis\pro\Resources\ArcToolbox\toolboxes\Data Management Tools.tbx\AddIndex" Date="20230423" Time="144334">AddIndex E:\epabystate\nhdplus_epasnapshot2022_az.gdb\nhdwaterbody_az fcode FCODE_IDX NON_UNIQUE NON_ASCENDING</Process><Process ToolSource="c:\users\pdziemiela\appdata\local\programs\arcgis\pro\Resources\ArcToolbox\toolboxes\Data Management Tools.tbx\AddIndex" Date="20230423" Time="144335">AddIndex E:\epabystate\nhdplus_epasnapshot2022_az.gdb\nhdwaterbody_az visibilityfilter VISIBILITYFILTER_IDX NON_UNIQUE NON_ASCENDING</Process><Process ToolSource="c:\users\pdziemiela\appdata\local\programs\arcgis\pro\Resources\ArcToolbox\toolboxes\Data Management Tools.tbx\AddIndex" Date="20230423" Time="144336">AddIndex E:\epabystate\nhdplus_epasnapshot2022_az.gdb\nhdwaterbody_az vpuid VPUID_IDX NON_UNIQUE NON_ASCENDING</Process><Process ToolSource="c:\users\pdziemiela\appdata\local\programs\arcgis\pro\Resources\ArcToolbox\toolboxes\Data Management Tools.tbx\Append" Date="20230423" Time="144346">Append C:\Users\PDziemiela\Documents\ArcGIS\Projects\MyProject2\nhdplus_epabystate.sde\dzwaters.nhdplus_h_epabystate.nhdwaterbody_az_export E:\epabystate\nhdplus_epasnapshot2022_az.gdb\nhdwaterbody_az "Use the field map to reconcile field differences" "statecode "State or equivalent USPS code" true false false 2 Text 0 0,First,#,C:\Users\PDziemiela\Documents\ArcGIS\Projects\MyProject2\nhdplus_epabystate.sde\dzwaters.nhdplus_h_epabystate.nhdwaterbody_az_export,statecode,0,2;permanent_identifier "Permanent Identifier" true false false 40 Text 0 0,First,#,C:\Users\PDziemiela\Documents\ArcGIS\Projects\MyProject2\nhdplus_epabystate.sde\dzwaters.nhdplus_h_epabystate.nhdwaterbody_az_export,permanent_identifier,0,40;fdate "Feature Date" true false false 8 Date 0 0,First,#,C:\Users\PDziemiela\Documents\ArcGIS\Projects\MyProject2\nhdplus_epabystate.sde\dzwaters.nhdplus_h_epabystate.nhdwaterbody_az_export,fdate,-1,-1;resolution "Resolution" true false false 4 Long 0 0,First,#,C:\Users\PDziemiela\Documents\ArcGIS\Projects\MyProject2\nhdplus_epabystate.sde\dzwaters.nhdplus_h_epabystate.nhdwaterbody_az_export,resolution,-1,-1;gnis_id "GNIS Identifier" true true false 10 Text 0 0,First,#,C:\Users\PDziemiela\Documents\ArcGIS\Projects\MyProject2\nhdplus_epabystate.sde\dzwaters.nhdplus_h_epabystate.nhdwaterbody_az_export,gnis_id,0,10;gnis_name "GNIS Name" true true false 65 Text 0 0,First,#,C:\Users\PDziemiela\Documents\ArcGIS\Projects\MyProject2\nhdplus_epabystate.sde\dzwaters.nhdplus_h_epabystate.nhdwaterbody_az_export,gnis_name,0,65;areasqkm "Area (SqKm)" true true false 8 Double 0 0,First,#,C:\Users\PDziemiela\Documents\ArcGIS\Projects\MyProject2\nhdplus_epabystate.sde\dzwaters.nhdplus_h_epabystate.nhdwaterbody_az_export,areasqkm,-1,-1;elevation "Elevation" true true false 8 Double 0 0,First,#,C:\Users\PDziemiela\Documents\ArcGIS\Projects\MyProject2\nhdplus_epabystate.sde\dzwaters.nhdplus_h_epabystate.nhdwaterbody_az_export,elevation,-1,-1;reachcode "Reach Code" true true false 14 Text 0 0,First,#,C:\Users\PDziemiela\Documents\ArcGIS\Projects\MyProject2\nhdplus_epabystate.sde\dzwaters.nhdplus_h_epabystate.nhdwaterbody_az_export,reachcode,0,14;ftype "Feature Type Code" true false false 4 Long 0 0,First,#,C:\Users\PDziemiela\Documents\ArcGIS\Projects\MyProject2\nhdplus_epabystate.sde\dzwaters.nhdplus_h_epabystate.nhdwaterbody_az_export,ftype,-1,-1;fcode "Feature Code" true false false 4 Long 0 0,First,#,C:\Users\PDziemiela\Documents\ArcGIS\Projects\MyProject2\nhdplus_epabystate.sde\dzwaters.nhdplus_h_epabystate.nhdwaterbody_az_export,fcode,-1,-1;visibilityfilter "Visibility Filter" true false false 4 Long 0 0,First,#,C:\Users\PDziemiela\Documents\ArcGIS\Projects\MyProject2\nhdplus_epabystate.sde\dzwaters.nhdplus_h_epabystate.nhdwaterbody_az_export,visibilityfilter,-1,-1;nhdplusid "NHDPlus Identifier" true false false 8 Double 0 0,First,#,C:\Users\PDziemiela\Documents\ArcGIS\Projects\MyProject2\nhdplus_epabystate.sde\dzwaters.nhdplus_h_epabystate.nhdwaterbody_az_export,nhdplusid,-1,-1;vpuid "VPU Identifier" true false false 8 Text 0 0,First,#,C:\Users\PDziemiela\Documents\ArcGIS\Projects\MyProject2\nhdplus_epabystate.sde\dzwaters.nhdplus_h_epabystate.nhdwaterbody_az_export,vpuid,0,8" # # # NOT_UPDATE_GEOMETRY</Process><Process ToolSource="c:\users\pdziemiela\appdata\local\programs\arcgis\pro\Resources\ArcToolbox\toolboxes\Data Management Tools.tbx\AddGlobalIDs" Date="20230423" Time="144352">AddGlobalIDs E:\epabystate\nhdplus_epasnapshot2022_az.gdb\nhdwaterbody_az</Process><Process ToolSource="c:\program files\arcgis\pro\Resources\ArcToolbox\toolboxes\Analysis Tools.tbx\PairwiseClip" Date="20240826" Time="193251">PairwiseClip nhdwaterbody_az LakeMaryStudyArea G:\Data\Karst_test_sets\Arizona\LakeMaryLineaments.gdb\nhdwaterbody_az_HRplus #</Process><Process ToolSource="c:\program files\arcgis\pro\Resources\ArcToolbox\toolboxes\Conversion Tools.tbx\ExportFeatures" Date="20240826" Time="203014">ExportFeatures nhdwaterbody_az_HRplus C:\Users\rylim\Documents\ArcGIS\Projects\Arizona_Geologic_Map\LakeMaryVectors.gdb\nhdwaterbody # NOT_USE_ALIAS "statecode "State or equivalent USPS code" true true false 2 Text 0 0,First,#,nhdwaterbody_az_HRplus,statecode,0,1;permanent_identifier "Permanent Identifier" true true false 40 Text 0 0,First,#,nhdwaterbody_az_HRplus,permanent_identifier,0,39;fdate "Feature Date" true true false 8 Date 0 0,First,#,nhdwaterbody_az_HRplus,fdate,-1,-1;resolution "Resolution" true true false 4 Long 0 0,First,#,nhdwaterbody_az_HRplus,resolution,-1,-1;gnis_id "GNIS Identifier" true true false 10 Text 0 0,First,#,nhdwaterbody_az_HRplus,gnis_id,0,9;gnis_name "GNIS Name" true true false 65 Text 0 0,First,#,nhdwaterbody_az_HRplus,gnis_name,0,64;areasqkm "Area (SqKm)" true true false 8 Double 0 0,First,#,nhdwaterbody_az_HRplus,areasqkm,-1,-1;elevation "Elevation" true true false 8 Double 0 0,First,#,nhdwaterbody_az_HRplus,elevation,-1,-1;reachcode "Reach Code" true true false 14 Text 0 0,First,#,nhdwaterbody_az_HRplus,reachcode,0,13;ftype "Feature Type Code" true true false 4 Long 0 0,First,#,nhdwaterbody_az_HRplus,ftype,-1,-1;fcode "Feature Code" true true false 4 Long 0 0,First,#,nhdwaterbody_az_HRplus,fcode,-1,-1;visibilityfilter "Visibility Filter" true true false 4 Long 0 0,First,#,nhdwaterbody_az_HRplus,visibilityfilter,-1,-1;nhdplusid "NHDPlus Identifier" true true false 8 Double 0 0,First,#,nhdwaterbody_az_HRplus,nhdplusid,-1,-1;vpuid "VPU Identifier" true true false 8 Text 0 0,First,#,nhdwaterbody_az_HRplus,vpuid,0,7;Shape_Length "Shape_Length" false true true 8 Double 0 0,First,#,nhdwaterbody_az_HRplus,Shape_Length,-1,-1;Shape_Area "Shape_Area" false true true 8 Double 0 0,First,#,nhdwaterbody_az_HRplus,Shape_Area,-1,-1" #</Process><Process ToolSource="c:\program files\arcgis\pro\Resources\ArcToolbox\toolboxes\Data Management Tools.tbx\Project" Date="20240827" Time="111758">Project C:\Users\rylim\Documents\ArcGIS\Projects\Arizona_Geologic_Map\LakeMaryVectors.gdb\nhdwaterbody C:\Users\rylim\Documents\ArcGIS\Projects\LakeMary_Lineaments\LakeMary_Lineaments.gdb\Vectors\NHD_waterbody PROJCS["NAD_1983_2011_UTM_Zone_12N",GEOGCS["GCS_NAD_1983_2011",DATUM["D_NAD_1983_2011",SPHEROID["GRS_1980",6378137.0,298.257222101]],PRIMEM["Greenwich",0.0],UNIT["Degree",0.0174532925199433]],PROJECTION["Transverse_Mercator"],PARAMETER["False_Easting",500000.0],PARAMETER["False_Northing",0.0],PARAMETER["Central_Meridian",-111.0],PARAMETER["Scale_Factor",0.9996],PARAMETER["Latitude_Of_Origin",0.0],UNIT["Meter",1.0]],VERTCS["NAVD_1988",VDATUM["North_American_Vertical_Datum_1988"],PARAMETER["Vertical_Shift",0.0],PARAMETER["Direction",1.0],UNIT["Meter",1.0]] # PROJCS["NAD_1983_2011_UTM_Zone_12N",GEOGCS["GCS_NAD_1983_2011",DATUM["D_NAD_1983_2011",SPHEROID["GRS_1980",6378137.0,298.257222101]],PRIMEM["Greenwich",0.0],UNIT["Degree",0.0174532925199433]],PROJECTION["Transverse_Mercator"],PARAMETER["False_Easting",500000.0],PARAMETER["False_Northing",0.0],PARAMETER["Central_Meridian",-111.0],PARAMETER["Scale_Factor",0.9996],PARAMETER["Latitude_Of_Origin",0.0],UNIT["Meter",1.0]],VERTCS["NAVD_1988",VDATUM["North_American_Vertical_Datum_1988"],PARAMETER["Vertical_Shift",0.0],PARAMETER["Direction",1.0],UNIT["Meter",1.0]] NO_PRESERVE_SHAPE # NO_VERTICAL</Process><Process ToolSource="c:\program files\arcgis\pro\Resources\ArcToolbox\toolboxes\Data Management Tools.tbx\CopyFeatures" Date="20240827" Time="124157">CopyFeatures NHD_waterbody C:\Users\rylim\Documents\GitHub\ATUR-KARST\data\vectors\NHD_waterbody.shp # # # #</Process></lineage><itemProps><itemName Sync="TRUE">NHD_waterbody</itemName><imsContentType Sync="TRUE">002</imsContentType><itemLocation><linkage Sync="TRUE">file://\\RYANSMAGICBOX\C$\Users\rylim\Documents\GitHub\ATUR-KARST\data\vectors\NHD_waterbody.shp</linkage><protocol Sync="TRUE">Local Area Network</protocol></itemLocation><itemSize Sync="TRUE">0.000</itemSize></itemProps><coordRef><type Sync="TRUE">Projected</type><geogcsn Sync="TRUE">GCS_NAD_1983_2011</geogcsn><csUnits Sync="TRUE">Linear Unit: Meter (1.000000)</csUnits><projcsn Sync="TRUE">NAD_1983_2011_UTM_Zone_12N</projcsn><peXml Sync="TRUE">&lt;ProjectedCoordinateSystem xsi:type='typens:ProjectedCoordinateSystem' xmlns:xsi='http://www.w3.org/2001/XMLSchema-instance' xmlns:xs='http://www.w3.org/2001/XMLSchema' xmlns:typens='http://www.esri.com/schemas/ArcGIS/3.2.0'&gt;&lt;WKT&gt;PROJCS[&amp;quot;NAD_1983_2011_UTM_Zone_12N&amp;quot;,GEOGCS[&amp;quot;GCS_NAD_1983_2011&amp;quot;,DATUM[&amp;quot;D_NAD_1983_2011&amp;quot;,SPHEROID[&amp;quot;GRS_1980&amp;quot;,6378137.0,298.257222101]],PRIMEM[&amp;quot;Greenwich&amp;quot;,0.0],UNIT[&amp;quot;Degree&amp;quot;,0.0174532925199433]],PROJECTION[&amp;quot;Transverse_Mercator&amp;quot;],PARAMETER[&amp;quot;False_Easting&amp;quot;,500000.0],PARAMETER[&amp;quot;False_Northing&amp;quot;,0.0],PARAMETER[&amp;quot;Central_Meridian&amp;quot;,-111.0],PARAMETER[&amp;quot;Scale_Factor&amp;quot;,0.9996],PARAMETER[&amp;quot;Latitude_Of_Origin&amp;quot;,0.0],UNIT[&amp;quot;Meter&amp;quot;,1.0],AUTHORITY[&amp;quot;EPSG&amp;quot;,6341]],VERTCS[&amp;quot;NAVD_1988&amp;quot;,VDATUM[&amp;quot;North_American_Vertical_Datum_1988&amp;quot;],PARAMETER[&amp;quot;Vertical_Shift&amp;quot;,0.0],PARAMETER[&amp;quot;Direction&amp;quot;,1.0],UNIT[&amp;quot;Meter&amp;quot;,1.0],AUTHORITY[&amp;quot;EPSG&amp;quot;,5703]]&lt;/WKT&gt;&lt;XOrigin&gt;-5120900&lt;/XOrigin&gt;&lt;YOrigin&gt;-9998100&lt;/YOrigin&gt;&lt;XYScale&gt;450445547.3910538&lt;/XYScale&gt;&lt;ZOrigin&gt;-100000&lt;/ZOrigin&gt;&lt;ZScale&gt;10000&lt;/ZScale&gt;&lt;MOrigin&gt;-100000&lt;/MOrigin&gt;&lt;MScale&gt;10000&lt;/MScale&gt;&lt;XYTolerance&gt;0.001&lt;/XYTolerance&gt;&lt;ZTolerance&gt;0.001&lt;/ZTolerance&gt;&lt;MTolerance&gt;0.001&lt;/MTolerance&gt;&lt;HighPrecision&gt;true&lt;/HighPrecision&gt;&lt;WKID&gt;102059&lt;/WKID&gt;&lt;LatestWKID&gt;6341&lt;/LatestWKID&gt;&lt;VCSWKID&gt;5703&lt;/VCSWKID&gt;&lt;LatestVCSWKID&gt;5703&lt;/LatestVCSWKID&gt;&lt;/ProjectedCoordinateSystem&gt;</peXml></coordRef></DataProperties><SyncDate>20240827</SyncDate><SyncTime>12415700</SyncTime><ModDate>20240827</ModDate><ModTime>12415700</ModTime></Esri><dataIdInfo><envirDesc Sync="TRUE">Microsoft Windows 10 Version 10.0 (Build 22631) ; Esri ArcGIS 13.2.2.49743</envirDesc><dataLang><languageCode value="eng" Sync="TRUE"></languageCode><countryCode value="USA" Sync="TRUE"></countryCode></dataLang><idCitation><resTitle Sync="TRUE">NHD_waterbody</resTitle><presForm><PresFormCd value="005" Sync="TRUE"></PresFormCd></presForm></idCitation><spatRpType><SpatRepTypCd value="001" Sync="TRUE"></SpatRepTypCd></spatRpType></dataIdInfo><mdLang><languageCode value="eng" Sync="TRUE"></languageCode><countryCode value="USA" Sync="TRUE"></countryCode></mdLang><distInfo><distFormat><formatName Sync="TRUE">Shapefile</formatName></distFormat><distTranOps><transSize Sync="TRUE">0.000</transSize></distTranOps></distInfo><mdHrLv><ScopeCd value="005" Sync="TRUE"></ScopeCd></mdHrLv><mdHrLvName Sync="TRUE">dataset</mdHrLvName><refSysInfo><RefSystem><refSysID><identCode code="6341" Sync="TRUE"></identCode><idCodeSpace Sync="TRUE">EPSG</idCodeSpace><idVersion Sync="TRUE">8.2.2(10.2.1)</idVersion></refSysID></RefSystem></refSysInfo><spatRepInfo><VectSpatRep><geometObjs Name="NHD_waterbody"><geoObjTyp><GeoObjTypCd value="002" Sync="TRUE"></GeoObjTypCd></geoObjTyp><geoObjCnt Sync="TRUE">0</geoObjCnt></geometObjs><topLvl><TopoLevCd value="001" Sync="TRUE"></TopoLevCd></topLvl></VectSpatRep></spatRepInfo><spdoinfo><ptvctinf><esriterm Name="NHD_waterbody"><efeatyp Sync="TRUE">Simple</efeatyp><efeageom code="4" Sync="TRUE"></efeageom><esritopo Sync="TRUE">FALSE</esritopo><efeacnt Sync="TRUE">0</efeacnt><spindex Sync="TRUE">FALSE</spindex><linrefer Sync="TRUE">FALSE</linrefer></esriterm></ptvctinf></spdoinfo><eainfo><detailed Name="NHD_waterbody"><enttyp><enttypl Sync="TRUE">NHD_waterbody</enttypl><enttypt Sync="TRUE">Feature Class</enttypt><enttypc Sync="TRUE">0</enttypc></enttyp><attr><attrlabl Sync="TRUE">FID</attrlabl><attalias Sync="TRUE">FID</attalias><attrtype Sync="TRUE">OID</attrtype><attwidth Sync="TRUE">4</attwidth><atprecis Sync="TRUE">0</atprecis><attscale Sync="TRUE">0</attscale><attrdef Sync="TRUE">Internal feature number.</attrdef><attrdefs Sync="TRUE">Esri</attrdefs><attrdomv><udom Sync="TRUE">Sequential unique whole numbers that are automatically generated.</udom></attrdomv></attr><attr><attrlabl Sync="TRUE">Shape</attrlabl><attalias Sync="TRUE">Shape</attalias><attrtype Sync="TRUE">Geometry</attrtype><attwidth Sync="TRUE">0</attwidth><atprecis Sync="TRUE">0</atprecis><attscale Sync="TRUE">0</attscale><attrdef Sync="TRUE">Feature geometry.</attrdef><attrdefs Sync="TRUE">Esri</attrdefs><attrdomv><udom Sync="TRUE">Coordinates defining the features.</udom></attrdomv></attr><attr><attrlabl Sync="TRUE">statecode</attrlabl><attalias Sync="TRUE">statecode</attalias><attrtype Sync="TRUE">String</attrtype><attwidth Sync="TRUE">2</attwidth><atprecis Sync="TRUE">0</atprecis><attscale Sync="TRUE">0</attscale></attr><attr><attrlabl Sync="TRUE">permanent_</attrlabl><attalias Sync="TRUE">permanent_</attalias><attrtype Sync="TRUE">String</attrtype><attwidth Sync="TRUE">40</attwidth><atprecis Sync="TRUE">0</atprecis><attscale Sync="TRUE">0</attscale></attr><attr><attrlabl Sync="TRUE">fdate</attrlabl><attalias Sync="TRUE">fdate</attalias><attrtype Sync="TRUE">Date</attrtype><attwidth Sync="TRUE">8</attwidth><atprecis Sync="TRUE">0</atprecis><attscale Sync="TRUE">0</attscale></attr><attr><attrlabl Sync="TRUE">resolution</attrlabl><attalias Sync="TRUE">resolution</attalias><attrtype Sync="TRUE">Integer</attrtype><attwidth Sync="TRUE">10</attwidth><atprecis Sync="TRUE">10</atprecis><attscale Sync="TRUE">0</attscale></attr><attr><attrlabl Sync="TRUE">gnis_id</attrlabl><attalias Sync="TRUE">gnis_id</attalias><attrtype Sync="TRUE">String</attrtype><attwidth Sync="TRUE">10</attwidth><atprecis Sync="TRUE">0</atprecis><attscale Sync="TRUE">0</attscale></attr><attr><attrlabl Sync="TRUE">gnis_name</attrlabl><attalias Sync="TRUE">gnis_name</attalias><attrtype Sync="TRUE">String</attrtype><attwidth Sync="TRUE">65</attwidth><atprecis Sync="TRUE">0</atprecis><attscale Sync="TRUE">0</attscale></attr><attr><attrlabl Sync="TRUE">areasqkm</attrlabl><attalias Sync="TRUE">areasqkm</attalias><attrtype Sync="TRUE">Double</attrtype><attwidth Sync="TRUE">19</attwidth><atprecis Sync="TRUE">0</atprecis><attscale Sync="TRUE">0</attscale></attr><attr><attrlabl Sync="TRUE">elevation</attrlabl><attalias Sync="TRUE">elevation</attalias><attrtype Sync="TRUE">Double</attrtype><attwidth Sync="TRUE">19</attwidth><atprecis Sync="TRUE">0</atprecis><attscale Sync="TRUE">0</attscale></attr><attr><attrlabl Sync="TRUE">reachcode</attrlabl><attalias Sync="TRUE">reachcode</attalias><attrtype Sync="TRUE">String</attrtype><attwidth Sync="TRUE">14</attwidth><atprecis Sync="TRUE">0</atprecis><attscale Sync="TRUE">0</attscale></attr><attr><attrlabl Sync="TRUE">ftype</attrlabl><attalias Sync="TRUE">ftype</attalias><attrtype Sync="TRUE">Integer</attrtype><attwidth Sync="TRUE">10</attwidth><atprecis Sync="TRUE">10</atprecis><attscale Sync="TRUE">0</attscale></attr><attr><attrlabl Sync="TRUE">fcode</attrlabl><attalias Sync="TRUE">fcode</attalias><attrtype Sync="TRUE">Integer</attrtype><attwidth Sync="TRUE">10</attwidth><atprecis Sync="TRUE">10</atprecis><attscale Sync="TRUE">0</attscale></attr><attr><attrlabl Sync="TRUE">visibility</attrlabl><attalias Sync="TRUE">visibility</attalias><attrtype Sync="TRUE">Integer</attrtype><attwidth Sync="TRUE">10</attwidth><atprecis Sync="TRUE">10</atprecis><attscale Sync="TRUE">0</attscale></attr><attr><attrlabl Sync="TRUE">nhdplusid</attrlabl><attalias Sync="TRUE">nhdplusid</attalias><attrtype Sync="TRUE">Double</attrtype><attwidth Sync="TRUE">19</attwidth><atprecis Sync="TRUE">0</atprecis><attscale Sync="TRUE">0</attscale></attr><attr><attrlabl Sync="TRUE">vpuid</attrlabl><attalias Sync="TRUE">vpuid</attalias><attrtype Sync="TRUE">String</attrtype><attwidth Sync="TRUE">8</attwidth><atprecis Sync="TRUE">0</atprecis><attscale Sync="TRUE">0</attscale></attr><attr><attrlabl Sync="TRUE">Shape_Leng</attrlabl><attalias Sync="TRUE">Shape_Leng</attalias><attrtype Sync="TRUE">Double</attrtype><attwidth Sync="TRUE">19</attwidth><atprecis Sync="TRUE">0</atprecis><attscale Sync="TRUE">0</attscale></attr><attr><attrlabl Sync="TRUE">Shape_Area</attrlabl><attalias Sync="TRUE">Shape_Area</attalias><attrtype Sync="TRUE">Double</attrtype><attwidth Sync="TRUE">19</attwidth><atprecis Sync="TRUE">0</atprecis><attscale Sync="TRUE">0</attscale><attrdef Sync="TRUE">Area of feature in internal units squared.</attrdef><attrdefs Sync="TRUE">Esri</attrdefs><attrdomv><udom Sync="TRUE">Positive real numbers that are automatically generated.</udom></attrdomv></attr></detailed></eainfo><mdDateSt Sync="TRUE">20240827</mdDateSt></metadata>
