<?xml version="1.0" encoding="UTF-8"?>
<!DOCTYPE manifest PUBLIC "-//MECA//DTD Manifest v1.0//en" "MECA_manifest.dtd">
<manifest manifest-version="1" xmlns="https://manuscriptexchange.org/schema/manifest" xmlns:xlink="http://www.w3.org/1999/xlink">
  <item item-type="article-metadata">
    <instance media-type="text/xml" xlink:href="index.xml"/>
  </item>
  <item item-type="manuscript">
    <instance media-type="application/pdf" xlink:href="index.pdf"/>
  </item>
  <item item-type="manuscript">
    <instance media-type="application/vnd.openxmlformats-officedocument.wordprocessingml.document" xlink:href="index.docx"/>
  </item>
  <item item-type="manuscript">
    <instance media-type="text/plain" xlink:href="_tex/index.tex"/>
  </item>
  <item item-type="manuscript-supporting-file">
    <instance media-type="image/png" xlink:href="01_Prepare-Test-Data_files/figure-jats/cell-22-output-1.png"/>
  </item>
  <item item-type="manuscript-supporting-file">
    <instance media-type="image/png" xlink:href="01_Prepare-Test-Data_files/figure-jats/cell-15-output-1.png"/>
  </item>
  <item item-type="manuscript-supporting-file">
    <instance media-type="image/png" xlink:href="01_Prepare-Test-Data_files/figure-jats/cell-12-output-1.png"/>
  </item>
  <item item-type="manuscript-supporting-file">
    <instance media-type="image/png" xlink:href="01_Prepare-Test-Data_files/figure-jats/cell-17-output-1.png"/>
  </item>
  <item item-type="manuscript-supporting-file">
    <instance media-type="image/png" xlink:href="02_Canny-Edge-Detection_files/figure-jats/cell-8-output-1.png"/>
  </item>
  <item item-type="manuscript-supporting-file">
    <instance media-type="image/png" xlink:href="02_Canny-Edge-Detection_files/figure-jats/cell-7-output-1.png"/>
  </item>
  <item item-type="manuscript-supporting-file">
    <instance media-type="image/png" xlink:href="02_Canny-Edge-Detection_files/figure-jats/cell-6-output-1.png"/>
  </item>
  <item item-type="manuscript-supporting-file">
    <instance media-type="image/png" xlink:href="02_Canny-Edge-Detection_files/figure-jats/cell-9-output-1.png"/>
  </item>
  <item item-type="manuscript-supporting-file">
    <instance media-type="application/octet-stream" xlink:href="_tex/agujournal2019.cls"/>
  </item>
  <item item-type="manuscript-supporting-file">
    <instance media-type="application/octet-stream" xlink:href="_tex/references.bib"/>
  </item>
  <item item-type="manuscript-supporting-file">
    <instance media-type="application/octet-stream" xlink:href="_tex/trackchanges.sty"/>
  </item>
  <item item-type="manuscript-supporting-file">
    <instance media-type="application/x-ipynb+json" xlink:href="index.ipynb"/>
  </item>
  <item item-type="manuscript-supporting-file">
    <instance media-type="application/x-ipynb+json" xlink:href="notebooks/03_ESRI and Catalyst Workflow.ipynb"/>
  </item>
  <item item-type="manuscript-supporting-file">
    <instance media-type="application/x-ipynb+json" xlink:href="notebooks/01_Prepare-Test-Data.ipynb"/>
  </item>
  <item item-type="manuscript-supporting-file">
    <instance media-type="application/x-ipynb+json" xlink:href="notebooks/02_Canny-Edge-Detection.ipynb"/>
  </item>
  <item item-type="manuscript-supporting-file">
    <instance media-type="application/x-ipynb+json" xlink:href="notebooks/00_Project-Overview.ipynb"/>
  </item>
  <item item-type="article-source">
    <instance media-type="application/octet-stream" xlink:href="source/.github/workflows/publish.yml"/>
  </item>
  <item item-type="article-source">
    <instance media-type="application/octet-stream" xlink:href="source/.gitignore"/>
  </item>
  <item item-type="article-source">
    <instance media-type="text/markdown" xlink:href="source/README.md"/>
  </item>
  <item item-type="article-source">
    <instance media-type="application/octet-stream" xlink:href="source/_extensions/quarto-journals/agu/_extension.yml"/>
  </item>
  <item item-type="article-source">
    <instance media-type="application/octet-stream" xlink:href="source/_extensions/quarto-journals/agu/agu.lua"/>
  </item>
  <item item-type="article-source">
    <instance media-type="application/octet-stream" xlink:href="source/_extensions/quarto-journals/agu/agujournal2019.cls"/>
  </item>
  <item item-type="article-source">
    <instance media-type="application/octet-stream" xlink:href="source/_extensions/quarto-journals/agu/american-geophysical-union.csl"/>
  </item>
  <item item-type="article-source">
    <instance media-type="text/plain" xlink:href="source/_extensions/quarto-journals/agu/partials/_affiliations.tex"/>
  </item>
  <item item-type="article-source">
    <instance media-type="text/plain" xlink:href="source/_extensions/quarto-journals/agu/partials/_authors.tex"/>
  </item>
  <item item-type="article-source">
    <instance media-type="text/plain" xlink:href="source/_extensions/quarto-journals/agu/partials/_corresponding-author.tex"/>
  </item>
  <item item-type="article-source">
    <instance media-type="text/plain" xlink:href="source/_extensions/quarto-journals/agu/partials/before-body.tex"/>
  </item>
  <item item-type="article-source">
    <instance media-type="text/plain" xlink:href="source/_extensions/quarto-journals/agu/partials/title.tex"/>
  </item>
  <item item-type="article-source">
    <instance media-type="application/octet-stream" xlink:href="source/_extensions/quarto-journals/agu/trackchanges.sty"/>
  </item>
  <item item-type="article-source">
    <instance media-type="application/octet-stream" xlink:href="source/_quarto.yml"/>
  </item>
  <item item-type="article-source">
    <instance media-type="image/png" xlink:href="source/images/la-palma-map.png"/>
  </item>
  <item item-type="article-source">
    <instance media-type="application/x-ipynb+json" xlink:href="source/index.ipynb"/>
  </item>
  <item item-type="article-source">
    <instance media-type="application/x-ipynb+json" xlink:href="source/notebooks/00_Project-Overview.ipynb"/>
  </item>
  <item item-type="article-source">
    <instance media-type="application/x-ipynb+json" xlink:href="source/notebooks/01_Prepare-Test-Data.ipynb"/>
  </item>
  <item item-type="article-source">
    <instance media-type="application/x-ipynb+json" xlink:href="source/notebooks/02_Canny-Edge-Detection.ipynb"/>
  </item>
  <item item-type="article-source">
    <instance media-type="application/x-ipynb+json" xlink:href="source/notebooks/03_ESRI and Catalyst Workflow.ipynb"/>
  </item>
  <item item-type="article-source">
    <instance media-type="image/png" xlink:href="source/notebooks/Data/Canny_edges_new.png"/>
  </item>
  <item item-type="article-source">
    <instance media-type="application/octet-stream" xlink:href="source/notebooks/Data/Vectors/Contacts.cpg"/>
  </item>
  <item item-type="article-source">
    <instance media-type="application/octet-stream" xlink:href="source/notebooks/Data/Vectors/Contacts.dbf"/>
  </item>
  <item item-type="article-source">
    <instance media-type="application/octet-stream" xlink:href="source/notebooks/Data/Vectors/Contacts.prj"/>
  </item>
  <item item-type="article-source">
    <instance media-type="application/octet-stream" xlink:href="source/notebooks/Data/Vectors/Contacts.sbn"/>
  </item>
  <item item-type="article-source">
    <instance media-type="application/octet-stream" xlink:href="source/notebooks/Data/Vectors/Contacts.sbx"/>
  </item>
  <item item-type="article-source">
    <instance media-type="application/octet-stream" xlink:href="source/notebooks/Data/Vectors/Contacts.shp"/>
  </item>
  <item item-type="article-source">
    <instance media-type="text/xml" xlink:href="source/notebooks/Data/Vectors/Contacts.shp.xml"/>
  </item>
  <item item-type="article-source">
    <instance media-type="application/octet-stream" xlink:href="source/notebooks/Data/Vectors/Contacts.shx"/>
  </item>
  <item item-type="article-source">
    <instance media-type="application/octet-stream" xlink:href="source/notebooks/Data/Vectors/Faults.cpg"/>
  </item>
  <item item-type="article-source">
    <instance media-type="application/octet-stream" xlink:href="source/notebooks/Data/Vectors/Faults.dbf"/>
  </item>
  <item item-type="article-source">
    <instance media-type="application/octet-stream" xlink:href="source/notebooks/Data/Vectors/Faults.prj"/>
  </item>
  <item item-type="article-source">
    <instance media-type="application/octet-stream" xlink:href="source/notebooks/Data/Vectors/Faults.sbn"/>
  </item>
  <item item-type="article-source">
    <instance media-type="application/octet-stream" xlink:href="source/notebooks/Data/Vectors/Faults.sbx"/>
  </item>
  <item item-type="article-source">
    <instance media-type="application/octet-stream" xlink:href="source/notebooks/Data/Vectors/Faults.shp"/>
  </item>
  <item item-type="article-source">
    <instance media-type="text/xml" xlink:href="source/notebooks/Data/Vectors/Faults.shp.xml"/>
  </item>
  <item item-type="article-source">
    <instance media-type="application/octet-stream" xlink:href="source/notebooks/Data/Vectors/Faults.shx"/>
  </item>
  <item item-type="article-source">
    <instance media-type="application/octet-stream" xlink:href="source/notebooks/Data/Vectors/GeologicUnitsPoly.cpg"/>
  </item>
  <item item-type="article-source">
    <instance media-type="application/octet-stream" xlink:href="source/notebooks/Data/Vectors/GeologicUnitsPoly.dbf"/>
  </item>
  <item item-type="article-source">
    <instance media-type="application/octet-stream" xlink:href="source/notebooks/Data/Vectors/GeologicUnitsPoly.prj"/>
  </item>
  <item item-type="article-source">
    <instance media-type="application/octet-stream" xlink:href="source/notebooks/Data/Vectors/GeologicUnitsPoly.sbn"/>
  </item>
  <item item-type="article-source">
    <instance media-type="application/octet-stream" xlink:href="source/notebooks/Data/Vectors/GeologicUnitsPoly.sbx"/>
  </item>
  <item item-type="article-source">
    <instance media-type="application/octet-stream" xlink:href="source/notebooks/Data/Vectors/GeologicUnitsPoly.shp"/>
  </item>
  <item item-type="article-source">
    <instance media-type="text/xml" xlink:href="source/notebooks/Data/Vectors/GeologicUnitsPoly.shp.xml"/>
  </item>
  <item item-type="article-source">
    <instance media-type="application/octet-stream" xlink:href="source/notebooks/Data/Vectors/GeologicUnitsPoly.shx"/>
  </item>
  <item item-type="article-source">
    <instance media-type="application/octet-stream" xlink:href="source/notebooks/Data/Vectors/LakeMaryStreamNetwork_fac1000.cpg"/>
  </item>
  <item item-type="article-source">
    <instance media-type="application/octet-stream" xlink:href="source/notebooks/Data/Vectors/LakeMaryStreamNetwork_fac1000.dbf"/>
  </item>
  <item item-type="article-source">
    <instance media-type="application/octet-stream" xlink:href="source/notebooks/Data/Vectors/LakeMaryStreamNetwork_fac1000.prj"/>
  </item>
  <item item-type="article-source">
    <instance media-type="application/octet-stream" xlink:href="source/notebooks/Data/Vectors/LakeMaryStreamNetwork_fac1000.sbn"/>
  </item>
  <item item-type="article-source">
    <instance media-type="application/octet-stream" xlink:href="source/notebooks/Data/Vectors/LakeMaryStreamNetwork_fac1000.sbx"/>
  </item>
  <item item-type="article-source">
    <instance media-type="application/octet-stream" xlink:href="source/notebooks/Data/Vectors/LakeMaryStreamNetwork_fac1000.shp"/>
  </item>
  <item item-type="article-source">
    <instance media-type="text/xml" xlink:href="source/notebooks/Data/Vectors/LakeMaryStreamNetwork_fac1000.shp.xml"/>
  </item>
  <item item-type="article-source">
    <instance media-type="application/octet-stream" xlink:href="source/notebooks/Data/Vectors/LakeMaryStreamNetwork_fac1000.shx"/>
  </item>
  <item item-type="article-source">
    <instance media-type="application/octet-stream" xlink:href="source/notebooks/Data/Vectors/LakeMaryStudyArea_Bound.cpg"/>
  </item>
  <item item-type="article-source">
    <instance media-type="application/octet-stream" xlink:href="source/notebooks/Data/Vectors/LakeMaryStudyArea_Bound.dbf"/>
  </item>
  <item item-type="article-source">
    <instance media-type="application/octet-stream" xlink:href="source/notebooks/Data/Vectors/LakeMaryStudyArea_Bound.prj"/>
  </item>
  <item item-type="article-source">
    <instance media-type="application/octet-stream" xlink:href="source/notebooks/Data/Vectors/LakeMaryStudyArea_Bound.sbn"/>
  </item>
  <item item-type="article-source">
    <instance media-type="application/octet-stream" xlink:href="source/notebooks/Data/Vectors/LakeMaryStudyArea_Bound.sbx"/>
  </item>
  <item item-type="article-source">
    <instance media-type="application/octet-stream" xlink:href="source/notebooks/Data/Vectors/LakeMaryStudyArea_Bound.shp"/>
  </item>
  <item item-type="article-source">
    <instance media-type="text/xml" xlink:href="source/notebooks/Data/Vectors/LakeMaryStudyArea_Bound.shp.xml"/>
  </item>
  <item item-type="article-source">
    <instance media-type="application/octet-stream" xlink:href="source/notebooks/Data/Vectors/LakeMaryStudyArea_Bound.shx"/>
  </item>
  <item item-type="article-source">
    <instance media-type="application/octet-stream" xlink:href="source/notebooks/Data/Vectors/LakeMaryStudyArea_Reprojected.cpg"/>
  </item>
  <item item-type="article-source">
    <instance media-type="application/octet-stream" xlink:href="source/notebooks/Data/Vectors/LakeMaryStudyArea_Reprojected.dbf"/>
  </item>
  <item item-type="article-source">
    <instance media-type="application/octet-stream" xlink:href="source/notebooks/Data/Vectors/LakeMaryStudyArea_Reprojected.prj"/>
  </item>
  <item item-type="article-source">
    <instance media-type="application/octet-stream" xlink:href="source/notebooks/Data/Vectors/LakeMaryStudyArea_Reprojected.shp"/>
  </item>
  <item item-type="article-source">
    <instance media-type="application/octet-stream" xlink:href="source/notebooks/Data/Vectors/LakeMaryStudyArea_Reprojected.shx"/>
  </item>
  <item item-type="article-source">
    <instance media-type="application/octet-stream" xlink:href="source/notebooks/Data/Vectors/Landslides.cpg"/>
  </item>
  <item item-type="article-source">
    <instance media-type="application/octet-stream" xlink:href="source/notebooks/Data/Vectors/Landslides.dbf"/>
  </item>
  <item item-type="article-source">
    <instance media-type="application/octet-stream" xlink:href="source/notebooks/Data/Vectors/Landslides.prj"/>
  </item>
  <item item-type="article-source">
    <instance media-type="application/octet-stream" xlink:href="source/notebooks/Data/Vectors/Landslides.sbn"/>
  </item>
  <item item-type="article-source">
    <instance media-type="application/octet-stream" xlink:href="source/notebooks/Data/Vectors/Landslides.sbx"/>
  </item>
  <item item-type="article-source">
    <instance media-type="application/octet-stream" xlink:href="source/notebooks/Data/Vectors/Landslides.shp"/>
  </item>
  <item item-type="article-source">
    <instance media-type="text/xml" xlink:href="source/notebooks/Data/Vectors/Landslides.shp.xml"/>
  </item>
  <item item-type="article-source">
    <instance media-type="application/octet-stream" xlink:href="source/notebooks/Data/Vectors/Landslides.shx"/>
  </item>
  <item item-type="article-source">
    <instance media-type="application/octet-stream" xlink:href="source/notebooks/Data/Vectors/NHDHR_plusV2_Flowlines.cpg"/>
  </item>
  <item item-type="article-source">
    <instance media-type="application/octet-stream" xlink:href="source/notebooks/Data/Vectors/NHDHR_plusV2_Flowlines.dbf"/>
  </item>
  <item item-type="article-source">
    <instance media-type="application/octet-stream" xlink:href="source/notebooks/Data/Vectors/NHDHR_plusV2_Flowlines.prj"/>
  </item>
  <item item-type="article-source">
    <instance media-type="application/octet-stream" xlink:href="source/notebooks/Data/Vectors/NHDHR_plusV2_Flowlines.sbn"/>
  </item>
  <item item-type="article-source">
    <instance media-type="application/octet-stream" xlink:href="source/notebooks/Data/Vectors/NHDHR_plusV2_Flowlines.sbx"/>
  </item>
  <item item-type="article-source">
    <instance media-type="application/octet-stream" xlink:href="source/notebooks/Data/Vectors/NHDHR_plusV2_Flowlines.shp"/>
  </item>
  <item item-type="article-source">
    <instance media-type="text/xml" xlink:href="source/notebooks/Data/Vectors/NHDHR_plusV2_Flowlines.shp.xml"/>
  </item>
  <item item-type="article-source">
    <instance media-type="application/octet-stream" xlink:href="source/notebooks/Data/Vectors/NHDHR_plusV2_Flowlines.shx"/>
  </item>
  <item item-type="article-source">
    <instance media-type="application/octet-stream" xlink:href="source/notebooks/Data/Vectors/NHD_waterbody.cpg"/>
  </item>
  <item item-type="article-source">
    <instance media-type="application/octet-stream" xlink:href="source/notebooks/Data/Vectors/NHD_waterbody.dbf"/>
  </item>
  <item item-type="article-source">
    <instance media-type="application/octet-stream" xlink:href="source/notebooks/Data/Vectors/NHD_waterbody.prj"/>
  </item>
  <item item-type="article-source">
    <instance media-type="application/octet-stream" xlink:href="source/notebooks/Data/Vectors/NHD_waterbody.sbn"/>
  </item>
  <item item-type="article-source">
    <instance media-type="application/octet-stream" xlink:href="source/notebooks/Data/Vectors/NHD_waterbody.sbx"/>
  </item>
  <item item-type="article-source">
    <instance media-type="application/octet-stream" xlink:href="source/notebooks/Data/Vectors/NHD_waterbody.shp"/>
  </item>
  <item item-type="article-source">
    <instance media-type="text/xml" xlink:href="source/notebooks/Data/Vectors/NHD_waterbody.shp.xml"/>
  </item>
  <item item-type="article-source">
    <instance media-type="application/octet-stream" xlink:href="source/notebooks/Data/Vectors/NHD_waterbody.shx"/>
  </item>
  <item item-type="article-source">
    <instance media-type="application/octet-stream" xlink:href="source/notebooks/Data/Vectors/NULL_type_geo_lineaments.cpg"/>
  </item>
  <item item-type="article-source">
    <instance media-type="application/octet-stream" xlink:href="source/notebooks/Data/Vectors/NULL_type_geo_lineaments.dbf"/>
  </item>
  <item item-type="article-source">
    <instance media-type="application/octet-stream" xlink:href="source/notebooks/Data/Vectors/NULL_type_geo_lineaments.prj"/>
  </item>
  <item item-type="article-source">
    <instance media-type="application/octet-stream" xlink:href="source/notebooks/Data/Vectors/NULL_type_geo_lineaments.sbn"/>
  </item>
  <item item-type="article-source">
    <instance media-type="application/octet-stream" xlink:href="source/notebooks/Data/Vectors/NULL_type_geo_lineaments.sbx"/>
  </item>
  <item item-type="article-source">
    <instance media-type="application/octet-stream" xlink:href="source/notebooks/Data/Vectors/NULL_type_geo_lineaments.shp"/>
  </item>
  <item item-type="article-source">
    <instance media-type="text/xml" xlink:href="source/notebooks/Data/Vectors/NULL_type_geo_lineaments.shp.xml"/>
  </item>
  <item item-type="article-source">
    <instance media-type="application/octet-stream" xlink:href="source/notebooks/Data/Vectors/NULL_type_geo_lineaments.shx"/>
  </item>
  <item item-type="article-source">
    <instance media-type="application/octet-stream" xlink:href="source/notebooks/Data/Vectors/PCI_output/LML_100_5_5_1_0_5.dbf"/>
  </item>
  <item item-type="article-source">
    <instance media-type="application/octet-stream" xlink:href="source/notebooks/Data/Vectors/PCI_output/LML_100_5_5_1_0_5.prj"/>
  </item>
  <item item-type="article-source">
    <instance media-type="application/octet-stream" xlink:href="source/notebooks/Data/Vectors/PCI_output/LML_100_5_5_1_0_5.shp"/>
  </item>
  <item item-type="article-source">
    <instance media-type="application/octet-stream" xlink:href="source/notebooks/Data/Vectors/PCI_output/LML_100_5_5_1_0_5.shp.pox"/>
  </item>
  <item item-type="article-source">
    <instance media-type="application/octet-stream" xlink:href="source/notebooks/Data/Vectors/PCI_output/LML_100_5_5_1_0_5.shx"/>
  </item>
  <item item-type="article-source">
    <instance media-type="application/octet-stream" xlink:href="source/notebooks/Data/Vectors/PCI_output/LML_10_5_5_1_0_5.dbf"/>
  </item>
  <item item-type="article-source">
    <instance media-type="application/octet-stream" xlink:href="source/notebooks/Data/Vectors/PCI_output/LML_10_5_5_1_0_5.prj"/>
  </item>
  <item item-type="article-source">
    <instance media-type="application/octet-stream" xlink:href="source/notebooks/Data/Vectors/PCI_output/LML_10_5_5_1_0_5.shp"/>
  </item>
  <item item-type="article-source">
    <instance media-type="application/octet-stream" xlink:href="source/notebooks/Data/Vectors/PCI_output/LML_10_5_5_1_0_5.shp.pox"/>
  </item>
  <item item-type="article-source">
    <instance media-type="application/octet-stream" xlink:href="source/notebooks/Data/Vectors/PCI_output/LML_10_5_5_1_0_5.shx"/>
  </item>
  <item item-type="article-source">
    <instance media-type="application/octet-stream" xlink:href="source/notebooks/Data/Vectors/PCI_output/LML_20_5_5_1_0_5.dbf"/>
  </item>
  <item item-type="article-source">
    <instance media-type="application/octet-stream" xlink:href="source/notebooks/Data/Vectors/PCI_output/LML_20_5_5_1_0_5.prj"/>
  </item>
  <item item-type="article-source">
    <instance media-type="application/octet-stream" xlink:href="source/notebooks/Data/Vectors/PCI_output/LML_20_5_5_1_0_5.shp"/>
  </item>
  <item item-type="article-source">
    <instance media-type="application/octet-stream" xlink:href="source/notebooks/Data/Vectors/PCI_output/LML_20_5_5_1_0_5.shp.pox"/>
  </item>
  <item item-type="article-source">
    <instance media-type="application/octet-stream" xlink:href="source/notebooks/Data/Vectors/PCI_output/LML_20_5_5_1_0_5.shx"/>
  </item>
  <item item-type="article-source">
    <instance media-type="application/octet-stream" xlink:href="source/notebooks/Data/Vectors/PCI_output/LML_50_5_5_1_0_5.dbf"/>
  </item>
  <item item-type="article-source">
    <instance media-type="application/octet-stream" xlink:href="source/notebooks/Data/Vectors/PCI_output/LML_50_5_5_1_0_5.prj"/>
  </item>
  <item item-type="article-source">
    <instance media-type="application/octet-stream" xlink:href="source/notebooks/Data/Vectors/PCI_output/LML_50_5_5_1_0_5.shp"/>
  </item>
  <item item-type="article-source">
    <instance media-type="application/octet-stream" xlink:href="source/notebooks/Data/Vectors/PCI_output/LML_50_5_5_1_0_5.shp.pox"/>
  </item>
  <item item-type="article-source">
    <instance media-type="application/octet-stream" xlink:href="source/notebooks/Data/Vectors/PCI_output/LML_50_5_5_1_0_5.shx"/>
  </item>
  <item item-type="article-source">
    <instance media-type="application/octet-stream" xlink:href="source/notebooks/Data/Vectors/PCI_output/LML_5_10_5_1_0_5.dbf"/>
  </item>
  <item item-type="article-source">
    <instance media-type="application/octet-stream" xlink:href="source/notebooks/Data/Vectors/PCI_output/LML_5_10_5_1_0_5.prj"/>
  </item>
  <item item-type="article-source">
    <instance media-type="application/octet-stream" xlink:href="source/notebooks/Data/Vectors/PCI_output/LML_5_10_5_1_0_5.shp"/>
  </item>
  <item item-type="article-source">
    <instance media-type="application/octet-stream" xlink:href="source/notebooks/Data/Vectors/PCI_output/LML_5_10_5_1_0_5.shp.pox"/>
  </item>
  <item item-type="article-source">
    <instance media-type="application/octet-stream" xlink:href="source/notebooks/Data/Vectors/PCI_output/LML_5_10_5_1_0_5.shx"/>
  </item>
  <item item-type="article-source">
    <instance media-type="application/octet-stream" xlink:href="source/notebooks/Data/Vectors/PCI_output/LML_5_20_5_1_0_5.dbf"/>
  </item>
  <item item-type="article-source">
    <instance media-type="application/octet-stream" xlink:href="source/notebooks/Data/Vectors/PCI_output/LML_5_20_5_1_0_5.prj"/>
  </item>
  <item item-type="article-source">
    <instance media-type="application/octet-stream" xlink:href="source/notebooks/Data/Vectors/PCI_output/LML_5_20_5_1_0_5.shp"/>
  </item>
  <item item-type="article-source">
    <instance media-type="application/octet-stream" xlink:href="source/notebooks/Data/Vectors/PCI_output/LML_5_20_5_1_0_5.shp.pox"/>
  </item>
  <item item-type="article-source">
    <instance media-type="application/octet-stream" xlink:href="source/notebooks/Data/Vectors/PCI_output/LML_5_20_5_1_0_5.shx"/>
  </item>
  <item item-type="article-source">
    <instance media-type="application/octet-stream" xlink:href="source/notebooks/Data/Vectors/PCI_output/LML_5_50_5_1_0_5.dbf"/>
  </item>
  <item item-type="article-source">
    <instance media-type="application/octet-stream" xlink:href="source/notebooks/Data/Vectors/PCI_output/LML_5_50_5_1_0_5.prj"/>
  </item>
  <item item-type="article-source">
    <instance media-type="application/octet-stream" xlink:href="source/notebooks/Data/Vectors/PCI_output/LML_5_50_5_1_0_5.shp"/>
  </item>
  <item item-type="article-source">
    <instance media-type="application/octet-stream" xlink:href="source/notebooks/Data/Vectors/PCI_output/LML_5_50_5_1_0_5.shp.pox"/>
  </item>
  <item item-type="article-source">
    <instance media-type="application/octet-stream" xlink:href="source/notebooks/Data/Vectors/PCI_output/LML_5_50_5_1_0_5.shx"/>
  </item>
  <item item-type="article-source">
    <instance media-type="application/octet-stream" xlink:href="source/notebooks/Data/Vectors/PCI_output/LML_5_5_10_1_0_5.dbf"/>
  </item>
  <item item-type="article-source">
    <instance media-type="application/octet-stream" xlink:href="source/notebooks/Data/Vectors/PCI_output/LML_5_5_10_1_0_5.prj"/>
  </item>
  <item item-type="article-source">
    <instance media-type="application/octet-stream" xlink:href="source/notebooks/Data/Vectors/PCI_output/LML_5_5_10_1_0_5.shp"/>
  </item>
  <item item-type="article-source">
    <instance media-type="application/octet-stream" xlink:href="source/notebooks/Data/Vectors/PCI_output/LML_5_5_10_1_0_5.shp.pox"/>
  </item>
  <item item-type="article-source">
    <instance media-type="application/octet-stream" xlink:href="source/notebooks/Data/Vectors/PCI_output/LML_5_5_10_1_0_5.shx"/>
  </item>
  <item item-type="article-source">
    <instance media-type="application/octet-stream" xlink:href="source/notebooks/Data/Vectors/PCI_output/LML_5_5_20_1_0_5.dbf"/>
  </item>
  <item item-type="article-source">
    <instance media-type="application/octet-stream" xlink:href="source/notebooks/Data/Vectors/PCI_output/LML_5_5_20_1_0_5.prj"/>
  </item>
  <item item-type="article-source">
    <instance media-type="application/octet-stream" xlink:href="source/notebooks/Data/Vectors/PCI_output/LML_5_5_20_1_0_5.shp"/>
  </item>
  <item item-type="article-source">
    <instance media-type="application/octet-stream" xlink:href="source/notebooks/Data/Vectors/PCI_output/LML_5_5_20_1_0_5.shp.pox"/>
  </item>
  <item item-type="article-source">
    <instance media-type="application/octet-stream" xlink:href="source/notebooks/Data/Vectors/PCI_output/LML_5_5_20_1_0_5.shx"/>
  </item>
  <item item-type="article-source">
    <instance media-type="application/octet-stream" xlink:href="source/notebooks/Data/Vectors/PCI_output/LML_5_5_20_1_15_10.dbf"/>
  </item>
  <item item-type="article-source">
    <instance media-type="application/octet-stream" xlink:href="source/notebooks/Data/Vectors/PCI_output/LML_5_5_20_1_15_10.prj"/>
  </item>
  <item item-type="article-source">
    <instance media-type="application/octet-stream" xlink:href="source/notebooks/Data/Vectors/PCI_output/LML_5_5_20_1_15_10.shp"/>
  </item>
  <item item-type="article-source">
    <instance media-type="application/octet-stream" xlink:href="source/notebooks/Data/Vectors/PCI_output/LML_5_5_20_1_15_10.shp.pox"/>
  </item>
  <item item-type="article-source">
    <instance media-type="application/octet-stream" xlink:href="source/notebooks/Data/Vectors/PCI_output/LML_5_5_20_1_15_10.shx"/>
  </item>
  <item item-type="article-source">
    <instance media-type="application/octet-stream" xlink:href="source/notebooks/Data/Vectors/PCI_output/LML_5_5_20_1_15_20.dbf"/>
  </item>
  <item item-type="article-source">
    <instance media-type="application/octet-stream" xlink:href="source/notebooks/Data/Vectors/PCI_output/LML_5_5_20_1_15_20.prj"/>
  </item>
  <item item-type="article-source">
    <instance media-type="application/octet-stream" xlink:href="source/notebooks/Data/Vectors/PCI_output/LML_5_5_20_1_15_20.shp"/>
  </item>
  <item item-type="article-source">
    <instance media-type="application/octet-stream" xlink:href="source/notebooks/Data/Vectors/PCI_output/LML_5_5_20_1_15_20.shp.pox"/>
  </item>
  <item item-type="article-source">
    <instance media-type="application/octet-stream" xlink:href="source/notebooks/Data/Vectors/PCI_output/LML_5_5_20_1_15_20.shx"/>
  </item>
  <item item-type="article-source">
    <instance media-type="application/octet-stream" xlink:href="source/notebooks/Data/Vectors/PCI_output/LML_5_5_20_1_15_5.dbf"/>
  </item>
  <item item-type="article-source">
    <instance media-type="application/octet-stream" xlink:href="source/notebooks/Data/Vectors/PCI_output/LML_5_5_20_1_15_5.prj"/>
  </item>
  <item item-type="article-source">
    <instance media-type="application/octet-stream" xlink:href="source/notebooks/Data/Vectors/PCI_output/LML_5_5_20_1_15_5.shp"/>
  </item>
  <item item-type="article-source">
    <instance media-type="application/octet-stream" xlink:href="source/notebooks/Data/Vectors/PCI_output/LML_5_5_20_1_15_5.shp.pox"/>
  </item>
  <item item-type="article-source">
    <instance media-type="application/octet-stream" xlink:href="source/notebooks/Data/Vectors/PCI_output/LML_5_5_20_1_15_5.shx"/>
  </item>
  <item item-type="article-source">
    <instance media-type="application/octet-stream" xlink:href="source/notebooks/Data/Vectors/PCI_output/LML_5_5_20_1_30_5.dbf"/>
  </item>
  <item item-type="article-source">
    <instance media-type="application/octet-stream" xlink:href="source/notebooks/Data/Vectors/PCI_output/LML_5_5_20_1_30_5.prj"/>
  </item>
  <item item-type="article-source">
    <instance media-type="application/octet-stream" xlink:href="source/notebooks/Data/Vectors/PCI_output/LML_5_5_20_1_30_5.shp"/>
  </item>
  <item item-type="article-source">
    <instance media-type="application/octet-stream" xlink:href="source/notebooks/Data/Vectors/PCI_output/LML_5_5_20_1_30_5.shp.pox"/>
  </item>
  <item item-type="article-source">
    <instance media-type="application/octet-stream" xlink:href="source/notebooks/Data/Vectors/PCI_output/LML_5_5_20_1_30_5.shx"/>
  </item>
  <item item-type="article-source">
    <instance media-type="application/octet-stream" xlink:href="source/notebooks/Data/Vectors/PCI_output/LML_5_5_20_3_15_20.dbf"/>
  </item>
  <item item-type="article-source">
    <instance media-type="application/octet-stream" xlink:href="source/notebooks/Data/Vectors/PCI_output/LML_5_5_20_3_15_20.prj"/>
  </item>
  <item item-type="article-source">
    <instance media-type="application/octet-stream" xlink:href="source/notebooks/Data/Vectors/PCI_output/LML_5_5_20_3_15_20.shp"/>
  </item>
  <item item-type="article-source">
    <instance media-type="application/octet-stream" xlink:href="source/notebooks/Data/Vectors/PCI_output/LML_5_5_20_3_15_20.shp.pox"/>
  </item>
  <item item-type="article-source">
    <instance media-type="application/octet-stream" xlink:href="source/notebooks/Data/Vectors/PCI_output/LML_5_5_20_3_15_20.shx"/>
  </item>
  <item item-type="article-source">
    <instance media-type="application/octet-stream" xlink:href="source/notebooks/Data/Vectors/PCI_output/LML_5_5_5_1_0_5.dbf"/>
  </item>
  <item item-type="article-source">
    <instance media-type="application/octet-stream" xlink:href="source/notebooks/Data/Vectors/PCI_output/LML_5_5_5_1_0_5.prj"/>
  </item>
  <item item-type="article-source">
    <instance media-type="application/octet-stream" xlink:href="source/notebooks/Data/Vectors/PCI_output/LML_5_5_5_1_0_5.shp"/>
  </item>
  <item item-type="article-source">
    <instance media-type="application/octet-stream" xlink:href="source/notebooks/Data/Vectors/PCI_output/LML_5_5_5_1_0_5.shp.pox"/>
  </item>
  <item item-type="article-source">
    <instance media-type="application/octet-stream" xlink:href="source/notebooks/Data/Vectors/PCI_output/LML_5_5_5_1_0_5.shx"/>
  </item>
  <item item-type="article-source">
    <instance media-type="application/octet-stream" xlink:href="source/notebooks/Data/Vectors/Roads_All.cpg"/>
  </item>
  <item item-type="article-source">
    <instance media-type="application/octet-stream" xlink:href="source/notebooks/Data/Vectors/Roads_All.dbf"/>
  </item>
  <item item-type="article-source">
    <instance media-type="application/octet-stream" xlink:href="source/notebooks/Data/Vectors/Roads_All.prj"/>
  </item>
  <item item-type="article-source">
    <instance media-type="application/octet-stream" xlink:href="source/notebooks/Data/Vectors/Roads_All.sbn"/>
  </item>
  <item item-type="article-source">
    <instance media-type="application/octet-stream" xlink:href="source/notebooks/Data/Vectors/Roads_All.sbx"/>
  </item>
  <item item-type="article-source">
    <instance media-type="application/octet-stream" xlink:href="source/notebooks/Data/Vectors/Roads_All.shp"/>
  </item>
  <item item-type="article-source">
    <instance media-type="text/xml" xlink:href="source/notebooks/Data/Vectors/Roads_All.shp.xml"/>
  </item>
  <item item-type="article-source">
    <instance media-type="application/octet-stream" xlink:href="source/notebooks/Data/Vectors/Roads_All.shx"/>
  </item>
  <item item-type="article-source">
    <instance media-type="application/octet-stream" xlink:href="source/notebooks/Data/Vectors/Vectors.zip"/>
  </item>
  <item item-type="article-source">
    <instance media-type="application/octet-stream" xlink:href="source/notebooks/Data/Vectors/contours.dbf"/>
  </item>
  <item item-type="article-source">
    <instance media-type="application/octet-stream" xlink:href="source/notebooks/Data/Vectors/contours.prj"/>
  </item>
  <item item-type="article-source">
    <instance media-type="application/octet-stream" xlink:href="source/notebooks/Data/Vectors/contours.shp"/>
  </item>
  <item item-type="article-source">
    <instance media-type="application/octet-stream" xlink:href="source/notebooks/Data/Vectors/contours.shx"/>
  </item>
  <item item-type="article-source">
    <instance media-type="application/octet-stream" xlink:href="source/notebooks/Data/Vectors/intersections_contacts.cpg"/>
  </item>
  <item item-type="article-source">
    <instance media-type="application/octet-stream" xlink:href="source/notebooks/Data/Vectors/intersections_contacts.dbf"/>
  </item>
  <item item-type="article-source">
    <instance media-type="application/octet-stream" xlink:href="source/notebooks/Data/Vectors/intersections_contacts.prj"/>
  </item>
  <item item-type="article-source">
    <instance media-type="application/octet-stream" xlink:href="source/notebooks/Data/Vectors/intersections_contacts.shp"/>
  </item>
  <item item-type="article-source">
    <instance media-type="application/octet-stream" xlink:href="source/notebooks/Data/Vectors/intersections_contacts.shx"/>
  </item>
  <item item-type="article-source">
    <instance media-type="application/octet-stream" xlink:href="source/notebooks/Data/Vectors/intersections_faults.cpg"/>
  </item>
  <item item-type="article-source">
    <instance media-type="application/octet-stream" xlink:href="source/notebooks/Data/Vectors/intersections_faults.dbf"/>
  </item>
  <item item-type="article-source">
    <instance media-type="application/octet-stream" xlink:href="source/notebooks/Data/Vectors/intersections_faults.prj"/>
  </item>
  <item item-type="article-source">
    <instance media-type="application/octet-stream" xlink:href="source/notebooks/Data/Vectors/intersections_faults.shp"/>
  </item>
  <item item-type="article-source">
    <instance media-type="application/octet-stream" xlink:href="source/notebooks/Data/Vectors/intersections_faults.shx"/>
  </item>
  <item item-type="article-source">
    <instance media-type="application/octet-stream" xlink:href="source/notebooks/Data/Vectors/intersections_roads.cpg"/>
  </item>
  <item item-type="article-source">
    <instance media-type="application/octet-stream" xlink:href="source/notebooks/Data/Vectors/intersections_roads.dbf"/>
  </item>
  <item item-type="article-source">
    <instance media-type="application/octet-stream" xlink:href="source/notebooks/Data/Vectors/intersections_roads.prj"/>
  </item>
  <item item-type="article-source">
    <instance media-type="application/octet-stream" xlink:href="source/notebooks/Data/Vectors/intersections_roads.shp"/>
  </item>
  <item item-type="article-source">
    <instance media-type="application/octet-stream" xlink:href="source/notebooks/Data/Vectors/intersections_roads.shx"/>
  </item>
  <item item-type="article-source">
    <instance media-type="application/octet-stream" xlink:href="source/notebooks/Data/Vectors/intersections_streams.cpg"/>
  </item>
  <item item-type="article-source">
    <instance media-type="application/octet-stream" xlink:href="source/notebooks/Data/Vectors/intersections_streams.dbf"/>
  </item>
  <item item-type="article-source">
    <instance media-type="application/octet-stream" xlink:href="source/notebooks/Data/Vectors/intersections_streams.prj"/>
  </item>
  <item item-type="article-source">
    <instance media-type="application/octet-stream" xlink:href="source/notebooks/Data/Vectors/intersections_streams.shp"/>
  </item>
  <item item-type="article-source">
    <instance media-type="application/octet-stream" xlink:href="source/notebooks/Data/Vectors/intersections_streams.shx"/>
  </item>
  <item item-type="article-source">
    <instance media-type="application/octet-stream" xlink:href="source/notebooks/Data/Vectors/lineaments_sobel.cpg"/>
  </item>
  <item item-type="article-source">
    <instance media-type="application/octet-stream" xlink:href="source/notebooks/Data/Vectors/lineaments_sobel.dbf"/>
  </item>
  <item item-type="article-source">
    <instance media-type="application/octet-stream" xlink:href="source/notebooks/Data/Vectors/lineaments_sobel.prj"/>
  </item>
  <item item-type="article-source">
    <instance media-type="application/octet-stream" xlink:href="source/notebooks/Data/Vectors/lineaments_sobel.shp"/>
  </item>
  <item item-type="article-source">
    <instance media-type="application/octet-stream" xlink:href="source/notebooks/Data/Vectors/lineaments_sobel.shx"/>
  </item>
  <item item-type="article-source">
    <instance media-type="application/octet-stream" xlink:href="source/notebooks/Data/Vectors/outlet.dbf"/>
  </item>
  <item item-type="article-source">
    <instance media-type="application/octet-stream" xlink:href="source/notebooks/Data/Vectors/outlet.prj"/>
  </item>
  <item item-type="article-source">
    <instance media-type="application/octet-stream" xlink:href="source/notebooks/Data/Vectors/outlet.shp"/>
  </item>
  <item item-type="article-source">
    <instance media-type="application/octet-stream" xlink:href="source/notebooks/Data/Vectors/outlet.shx"/>
  </item>
  <item item-type="article-source">
    <instance media-type="application/octet-stream" xlink:href="source/notebooks/Data/Vectors/streams.cpg"/>
  </item>
  <item item-type="article-source">
    <instance media-type="application/octet-stream" xlink:href="source/notebooks/Data/Vectors/streams.dbf"/>
  </item>
  <item item-type="article-source">
    <instance media-type="application/octet-stream" xlink:href="source/notebooks/Data/Vectors/streams.prj"/>
  </item>
  <item item-type="article-source">
    <instance media-type="application/octet-stream" xlink:href="source/notebooks/Data/Vectors/streams.shp"/>
  </item>
  <item item-type="article-source">
    <instance media-type="application/octet-stream" xlink:href="source/notebooks/Data/Vectors/streams.shx"/>
  </item>
  <item item-type="article-source">
    <instance media-type="image/png" xlink:href="source/notebooks/Data/detected_lineaments.png"/>
  </item>
  <item item-type="article-source">
    <instance media-type="image/png" xlink:href="source/notebooks/Images/Calculate_TPI_Step3.PNG"/>
  </item>
  <item item-type="article-source">
    <instance media-type="image/png" xlink:href="source/notebooks/Images/Delete_selected.PNG"/>
  </item>
  <item item-type="article-source">
    <instance media-type="image/png" xlink:href="source/notebooks/Images/Export_TPI_hist_equalize.PNG"/>
  </item>
  <item item-type="article-source">
    <instance media-type="image/png" xlink:href="source/notebooks/Images/Focal_statistics_step_2.PNG"/>
  </item>
  <item item-type="article-source">
    <instance media-type="image/png" xlink:href="source/notebooks/Images/LINE_param_Displayed_Lineaments_Catalyst.PNG"/>
  </item>
  <item item-type="article-source">
    <instance media-type="image/png" xlink:href="source/notebooks/Images/Load_DEM_step_1.PNG"/>
  </item>
  <item item-type="article-source">
    <instance media-type="image/png" xlink:href="source/notebooks/Images/Load_Lineaments_shapefile_ArcGISPro.PNG"/>
  </item>
  <item item-type="article-source">
    <instance media-type="image/png" xlink:href="source/notebooks/Images/Merge_buffers.PNG"/>
  </item>
  <item item-type="article-source">
    <instance media-type="image/png" xlink:href="source/notebooks/Images/Pairwise_buffer_roads.PNG"/>
  </item>
  <item item-type="article-source">
    <instance media-type="image/png" xlink:href="source/notebooks/Images/Result.PNG"/>
  </item>
  <item item-type="article-source">
    <instance media-type="image/png" xlink:href="source/notebooks/Images/Roads_flowlines.PNG"/>
  </item>
  <item item-type="article-source">
    <instance media-type="image/png" xlink:href="source/notebooks/Images/RunLineModule_Catalyst.PNG"/>
  </item>
  <item item-type="article-source">
    <instance media-type="image/png" xlink:href="source/notebooks/Images/Save_lineaments_shapefile.PNG"/>
  </item>
  <item item-type="article-source">
    <instance media-type="image/png" xlink:href="source/notebooks/Images/Select_lineaments_in_buffer.PNG"/>
  </item>
  <item item-type="article-source">
    <instance media-type="image/png" xlink:href="source/notebooks/Images/TPI_display_Catalyst.PNG"/>
  </item>
  <item item-type="article-source">
    <instance media-type="application/octet-stream" xlink:href="source/references.bib"/>
  </item>
  <item item-type="article-source-directory">
    <instance media-type="application/x-directory" xlink:href="source"/>
  </item>
</manifest>